id;employee_number;birth_date;birth_place;nationality;gender;marital_status;dependent_children_number;social_security_number;iban;bic_swift
1;25752;2024-05-03;spécialiste;lectorat coin-coin en plus de;MALE;MARRIED;26263;tellement;PS054712006440352007130090090;témoigner avant que
2;17745;2024-05-03;sans que;à peu près bien que hôte;FEMALE;CIVIL_UNION;8486;dessous;AT550227600700248996;résigner
3;2836;2024-05-03;comme;de façon que quelque;FEMALE;CIVIL_UNION;17510;spécialiste après que adversaire;VG67FIIA5400309859536006;mairie peut-être
4;21252;2024-05-03;timide;au cas où;FEMALE;DIVORCED;10317;mélancolique;BR8438060200737938720039833E5;présidence auparavant
5;27317;2024-05-02;triathlète;extra fourbe;FEMALE;DIVORCED;29830;ouch;SM54E7309959075987O56380VO4;mélancolique collaborer vu que
6;13828;2024-05-03;incognito;grrr;FEMALE;WIDOWED;30531;espiègle;QA32DQXS21X92825HE64S60638771;membre de l’équipe après-demain
7;24466;2024-05-03;même guide partenaire;cuicui membre titulaire;MALE;SINGLE;1791;meuh population du Québec étant donné que;CZ7580009655278578002057;oh bientôt jeune enfant
8;23294;2024-05-03;intervenir en psitt;coin-coin atchoum au cas où;FEMALE;WIDOWED;12399;splendide de manière à ce que en dedans de;PT38001005306760550541433;chez boum rapide
9;1201;2024-05-03;pendant que bof;au-dessous de;MALE;MARRIED;3378;communauté étudiante;MD6985T75WD344N86713P4F0;à la faveur de
10;27283;2024-05-03;céans;que;MALE;DIVORCED;20848;dessiner miaou;GE74IH0200261502526734;tellement
